Payment_Id,Card_Number,Expiry_Date,Verification_Code,Card_Name
6,6221260000000000,2027-03-31,606,Sophia Red
8,4024007100000000,2025-07-20,707,Michael Gray
10,3589730000000000,2026-11-25,808,Liam White
14,6304000000000000,2026-09-30,909,Emma Yellow
23,6771549495586802,2027-08-01,101,Noah Orange
25,4500000000000000,2025-10-22,202,Mason Brown
28,5399999999999999,2025-05-14,303,Ava Violet
1,4111111111111111,2025-12-31,123,John Doe
9,5500000000000004,2026-08-15,456,Jane Smith
16,340000000000009,2027-05-30,789,Alice Brown
22,30000000000004,2025-11-10,101,Bob White
4,6011000000000004,2026-02-28,202,Charlie Green
13,3528000700000000,2025-09-15,303,Eve Blue
19,5610591081018250,2027-01-10,404,Daniel Black
29,1234567890123456,2026-06-18,505,Olivia Pink

